{"stats":{"minecraft:mined":{"minecraft:podzol":54,"minecraft:grass":3,"minecraft:grass_block":78,"minecraft:coarse_dirt":1,"minecraft:sand":1,"minecraft:dirt":86,"minecraft:fern":2},"minecraft:used":{"minecraft:netherite_shovel":200,"minecraft:dirt":13,"mowziesmobs:umvuthana_mask_faith":1},"minecraft:killed_by":{"mowziesmobs:ferrous_wroughtnaut":1,"mowziesmobs:umvuthi":1},"minecraft:picked_up":{"minecraft:feather":2,"minecraft:coarse_dirt":1,"mowziesmobs:earthbore_gauntlet":1,"minecraft:sand":14,"minecraft:netherite_shovel":1,"minecraft:dirt":194,"mowziesmobs:umvuthana_mask_faith":1},"minecraft:custom":{"minecraft:time_since_rest":2524,"minecraft:crouch_one_cm":3698,"minecraft:play_time":12098,"minecraft:sprint_one_cm":39782,"minecraft:deaths":2,"minecraft:damage_taken":643,"minecraft:walk_one_cm":71553,"minecraft:sneak_time":545,"minecraft:walk_under_water_one_cm":1261,"minecraft:drop":1,"minecraft:jump":194,"minecraft:damage_dealt":81,"minecraft:time_since_death":2494,"minecraft:walk_on_water_one_cm":2916,"minecraft:total_world_time":12098,"minecraft:swim_one_cm":16523,"minecraft:fall_one_cm":5392,"minecraft:fly_one_cm":97231},"minecraft:dropped":{"minecraft:dirt":1}},"DataVersion":3465}