{"stats":{"minecraft:used":{"iceandfire:dragon_horn":1,"alexsmobs:capsid":3,"iceandfire:spawn_egg_fire_dragon":1},"minecraft:killed":{"minecraft:sheep":1,"alexsmobs:enderiophage":1},"minecraft:picked_up":{"alexsmobs:capsid":1,"minecraft:stick":1,"minecraft:chorus_flower":1,"minecraft:dark_oak_log":24},"minecraft:custom":{"minecraft:jump":139,"minecraft:time_since_rest":38386,"minecraft:damage_dealt":160,"minecraft:crouch_one_cm":905,"minecraft:sprint_one_cm":27024,"minecraft:play_time":38386,"minecraft:walk_on_water_one_cm":2152,"minecraft:time_since_death":38386,"minecraft:walk_one_cm":77599,"minecraft:sneak_time":287,"minecraft:total_world_time":38386,"minecraft:walk_under_water_one_cm":18697,"minecraft:mob_kills":3,"minecraft:swim_one_cm":4567,"minecraft:fly_one_cm":665974}},"DataVersion":3465}