{"stats":{"minecraft:used":{"mowziesmobs:umvuthana_crane_spawn_egg":1,"mowziesmobs:umvuthana_raptor_spawn_egg":1,"mowziesmobs:naga_spawn_egg":3,"mowziesmobs:umvuthana_spawn_egg":1,"mowziesmobs:lantern_spawn_egg":1,"mowziesmobs:frostmaw_spawn_egg":2,"mowziesmobs:wroughtnaut_spawn_egg":1,"mowziesmobs:grottol_spawn_egg":1,"iceandfire:dragon_horn":1,"iceandfire:spawn_egg_fire_dragon":1,"alexsmobs:capsid":3,"minecraft:splash_potion":12,"mowziesmobs:umvuthi_spawn_egg":1},"minecraft:killed":{"minecraft:sheep":1,"alexsmobs:enderiophage":1},"minecraft:picked_up":{"minecraft:stick":1,"alexsmobs:capsid":1,"minecraft:sand":1,"minecraft:chorus_flower":1,"minecraft:dark_oak_log":24,"minecraft:dirt":59},"minecraft:custom":{"minecraft:time_since_rest":50386,"minecraft:crouch_one_cm":1223,"minecraft:play_time":50386,"minecraft:sprint_one_cm":28362,"minecraft:walk_one_cm":101238,"minecraft:sneak_time":438,"minecraft:walk_under_water_one_cm":18697,"minecraft:mob_kills":3,"minecraft:drop":2,"minecraft:jump":179,"minecraft:damage_dealt":210,"minecraft:time_since_death":50386,"minecraft:walk_on_water_one_cm":3472,"minecraft:total_world_time":50386,"minecraft:swim_one_cm":4567,"minecraft:fly_one_cm":689387},"minecraft:dropped":{"mowziesmobs:earthbore_gauntlet":1,"minecraft:netherite_shovel":1}},"DataVersion":3465}