{"stats":{"minecraft:used":{"iceandfire:spawn_egg_fire_dragon":1},"minecraft:killed":{"minecraft:sheep":1},"minecraft:picked_up":{"minecraft:stick":1,"minecraft:dark_oak_log":24},"minecraft:custom":{"minecraft:jump":27,"minecraft:time_since_rest":26386,"minecraft:crouch_one_cm":153,"minecraft:sprint_one_cm":2707,"minecraft:play_time":26386,"minecraft:time_since_death":26386,"minecraft:walk_one_cm":11948,"minecraft:sneak_time":132,"minecraft:total_world_time":26386,"minecraft:mob_kills":1,"minecraft:fly_one_cm":203602}},"DataVersion":3465}